"Freq.2432.39025464168","Freq.2570.83388142992","Freq.2662.82890297072","Freq.2792.88516815951","Freq.2955.14703521305","Freq.3046.59101287828","Freq.3142.44228825089","Freq.3161.12295451617","Freq.3194.17789030364","Freq.3218.80423111111","Freq.3265.37303603661","Freq.3317.83819208035","Freq.3373.38810401806","Freq.3825.73172264663","Freq.3900.11582509389","Freq.4073.3156717722","Freq.4302.87808861727","Freq.4384.63945656182","Freq.4404.76684103182","Freq.4459.17716377973","Freq.4567.94618651997","Freq.4691.00342354027","Freq.4712.18372815933","Freq.5853.57897003433","Freq.5905.64372826057","Freq.6433.23608468897","Freq.6631.47593449765","Freq.6958.84786359667","Freq.7469.8637591258","Freq.7668.33882272947","Freq.8205.1404040086","Freq.8602.408003098","Freq.8682.73974915485","Freq.8766.07321277154","Freq.8811.15198372997","Group"
0.000322495563937111,0.000321109907537208,0.000923582096440382,0.00141355119905331,0.000173264200130901,0.0002421975519141,0.00035382726344048,0.000175853305726468,0.000344796465756681,0.000549591001893303,0.000454530847939746,0.00149232301698037,0.000147090088385471,0.000323287640417271,0.000843782042642388,0.000408104410086026,0.000392864464147539,8.21191646557201e-05,0.000171593448618399,0.000687903801957454,0.00163700302011953,0.000458920351401155,0.00149338837441002,0.00191520710854294,0.000236785810954651,0.00113761754556085,0.00283631789932878,0.000150782307367147,0.000144354755834852,0.000132776943887674,0.00055601334814856,0.000281599022183921,0.000147061580683465,0.000100499736660884,0.000198962834797733,"HighRisk"
0.000490213135769059,0.000743481818859732,0.000849990235701824,0.00019344115194341,0.000138400837409776,0.00025044613795882,0.000373525549441239,0.000214484581768114,7.82841711395118e-05,0.000590250290544358,0.000156862267829559,0.00158257298480804,0.000304221850911088,0.000183904062540786,0.000331932448837001,0.000409330050526973,0.000307475522282611,0.000145564682645031,0.000269504843065374,0.000530410595506206,0.00148855818153322,0.000506807830781918,0.00151991983556201,0.000671769298632711,0.000289845186319917,0.00161850576272222,0.00323024659643917,4.08812695019558e-05,0.000176904137006878,0.000209870805407089,0.000323640375019047,0.000236647738600356,0.000155015822868971,0.000194801932314631,3.78143105007376e-05,"HighRisk"
0.000227311117473867,0.000136796840128595,0.000484839410598434,5.39072812949839e-05,0.000691759468389902,0.00030935077449902,0.000558495161854142,0.000134867336839831,0.00037314301083822,0.000722103342197174,0.000506915178540361,0.0020193966785588,0.000101577769323144,0.000109111002549039,0.000157090363125699,0.000152092674996501,0.00124196139231152,0.000335685085787736,0.000397641251369589,0.000925981705526804,0.00186556167316956,0.000586508513714479,0.00185827373711091,8.74868545377443e-05,0.00131564581978545,0.00137383710441719,0.00293780952195546,3.03429410515017e-05,0.000184136031544641,0.000271891325639755,0.000192046535600638,0.000739177185422537,0.000241232189787094,0.000300862177118232,0.000439961343239333,"HighRisk"
0.000134662232412802,0.000197434995284294,0.000343665059872138,0.000171716858938197,0.000353255464489271,0.000289611919923609,0.000356155844530409,0.000135882773558945,0.000668754602835048,0.000443596538021143,0.000746052128816943,0.000934229432973314,0.000134233462331,0.000167477833265139,0.000228479307637284,0.000344215026117306,0.000630285398728337,0.000407587951257495,0.000278167452198741,0.000741123518374815,0.00138338458767575,0.000308480136569354,0.00136804128510831,4.53262389206734e-05,0.000877525083415132,0.00105221981369339,0.00188681162134737,0.000124589862187683,0.000335647155789459,0.000103099544029781,0.00024798442907917,0.000415748535731138,0.000130260409338043,0.000530384199617214,9.03390613218799e-05,"HighRisk"
0.000312577143441723,0.0003148490228096,0.000426576587662211,0.00179577941506292,0.000167866606649033,0.000333327977127474,0.00031839332928799,0.00018415581347031,0.000274171410004224,0.000530555647213552,0.000249958485961563,0.00134742491156397,0.000243132616162085,0.000180931733573726,0.000363417179736344,0.000595429614204832,0.000571183212082739,6.65420721471953e-05,0.000208212442494758,0.000359424418057833,0.00142898663715476,0.000333996590830202,0.00135508137053927,0.000438137201237864,0.000106860960307499,0.000798886474188377,0.00184219749530454,3.22841080676304e-05,0.000182863772414936,0.000192645773724419,6.64015068876123e-05,0.000327217305112686,0.000125999419716731,0.000109244445950461,0.000340161426860633,"HighRisk"
0.000471868955989706,0.000255344471176345,0.000762394573097523,0.00168081814232055,0.000201977275530584,0.000203422005296009,0.000265493330413251,0.000117687090188458,0.000277319848229889,0.00031054935883948,0.000319955566416143,0.000914675233596736,0.000240970981631496,0.000342883364845718,0.000793497817019606,0.000511984169153338,0.000245983604992018,7.20938921319841e-05,0.000141211496429218,0.000537196744953242,0.00144787239920658,0.000422034533366051,0.00135214086573171,0.00160001104282942,3.86118913505251e-05,0.000644287851151642,0.00189647347972534,6.40400242252436e-05,0.000135168668682961,0.00010914894757954,0.000173171607347086,0.000189147625531716,0.000153178470557895,0.000132751166677585,0.000210329943617815,"HighRisk"
0.000524724342171664,0.000377275572916413,0.000363032150149608,0.000795132798492715,0.000140518981814144,0.000268336468171294,0.000304839298052609,0.00011614312713164,0.000207798931344153,0.00111583144546253,0.000272725253335361,0.00184222155178106,8.50570302677756e-05,0.000497453434305885,0.00121156716461204,0.000428017331200355,0.000295473404814978,0.000135054175904875,0.000315512969969008,0.000246360047865148,0.000678891579322286,0.000216004248709599,0.000831693569905112,0.00209041694777438,9.83643022603964e-05,0.00155411709569371,0.00221134375585476,0.000105880073959447,9.87283910894845e-05,4.70844477766726e-05,0.000111404412557976,0.000120663273129884,0.000238625695814978,0.000106580862672896,0.000391700021505813,"HighRisk"
0.000384177942508216,0.000436035683456993,0.00104093398900543,0.00123595876877382,0.000153007134227913,0.000117197869631398,0.000131818840109916,0.000165977236070686,0.000174036309365084,0.000152668014113804,0.000244686461874718,0.000196179647936418,0.000179387281684562,0.000108412663246639,0.000255194907592438,0.000176326376200354,7.90221448061111e-05,0.000134242593602936,0.000199502292579037,0.000127688616952368,0.000231260344030557,0.00011894202234726,0.00021785804573941,0.000820227025558755,0.000306905424435955,0.000363709862799367,0.000740611874617536,0.000202099455728043,0.000122736262441511,0.000152972159713395,7.41002750898564e-05,0.000298186342648372,0.000133843001340089,0.000142989021218896,7.41886995640559e-05,"HighRisk"
0.000889504109586294,0.0015600096291262,0.000197135385434079,0.000593223006909585,0.000518435210004052,0.000195662484015402,0.000253376598109251,0.000221712842511092,0.000106305985198468,0.000235069544654953,0.000105660215857763,0.000784524755093693,0.000206139354653988,0.000308023164926917,0.000133277669390148,0.000154034378853526,0.000156587431896426,0.000495449207181074,0.000238630375845066,0.00018638200341593,0.00148051554094441,0.000399896370983972,0.00172867826983126,3.86345602925427e-05,8.21711634169351e-05,0.000701624734354386,0.00217928992661424,0.00024868674764813,0.000264916323185165,0.00023250499195782,8.31567679046639e-05,9.21289359444913e-05,0.000132902253212786,0.00102042090341445,0.000221904103497961,"HighRisk"
0.000578159339536363,0.000823618722291509,0.000729416486581138,0.00195944310422385,0.000428417166582286,0.000188161845795044,0.000268125325931089,0.00011858598786089,0.000267047622164606,0.000439124201622639,0.000327393276641744,0.00190882541890869,0.000130500704961645,0.000373715082358237,0.000282505142324372,0.000388261043625469,0.000864264013787528,0.000133470733702909,0.000218478176148066,0.000366177832721846,0.000881228970862979,0.000226478768080097,0.000847946767177807,0.000547772200384135,0.000383913086813743,0.000899598930695185,0.00317084854062809,0.000137888554452368,0.000131500459401489,0.000127671475690208,9.22866734683389e-05,0.000536715596246496,0.000184026371335913,0.000250045878426421,0.000327754075137429,"HighRisk"
0.000412639534928633,0.000586438706335017,0.000492568298392557,0.00121719501755952,0.000115749777220373,0.000208028286541804,0.000289420465028112,0.000162301146766694,7.77830840352052e-05,0.000723522512990165,0.00018111900095968,0.00221454669145644,0.000122462595039135,0.000288668406557019,0.00071264139665208,0.00016140497820669,0.000443462370690456,0.000165354823815148,0.000203115872383611,0.000406798975028196,0.000854203591853772,0.000355666048084412,0.00118951157112857,0.00184536819082425,0.000189462107682023,0.00123350253502381,0.00340301459047891,0.000187833053575722,0.000112130248932621,0.000143298978871715,0.000207736417522204,0.000233757273913,0.000483905618609762,0.000156150823276692,0.000255468478372429,"HighRisk"
0.000524176531511149,0.000744151372961143,0.000469824646225292,0.00169499562826955,0.000251828065270617,0.000208770461232608,0.000223724934036903,1.06505746150455e-05,0.0001112495611099,0.00029479008847201,0.000229855181621974,0.000569789635871284,0.000389187213838447,0.000261114128257743,0.000376102070443981,0.000352414254643763,0.000719548848005602,0.000183648423135744,0.00019532202762394,0.000331214969203571,0.000859125733102967,0.000298300839770383,0.000955720412316877,0.000612554461370412,0.000201897421819497,0.000293974921857788,0.00100005587099184,0.000253761662603321,2.35292419841898e-05,9.27331740909627e-05,0.00010873223043385,0.000381578651877899,0.000134107965631625,0.000266248392442629,0.000295458318477749,"HighRisk"
0.000351633844720002,0.000925137340576252,0.000759217547146953,0.000661074751825952,0.000189584870675539,0.000336993319959833,0.000416785762724553,0.000141647926318605,8.79530618644343e-05,0.000404175565315363,3.33622299170966e-05,0.000893682234285952,0.000168287089244552,0.000224577535880613,0.000512150943716295,0.000119366910587805,0.000182508606936369,0.000213500429132307,0.000181561925545422,0.000695812319433904,0.00084576011701819,0.000320697289372134,0.00103581726766789,0.000869260296972761,3.3492998930112e-05,0.000473577807361967,0.00105252156504075,0.000100976042409272,0.000145874186703648,0.000178992879292508,0.000202343266420979,0.000126376165542249,0.000169014260299781,0.000208968713659296,8.5713344548925e-05,"HighRisk"
0.000788403023186665,0.000592700423195191,0.000705334418266002,0.00058426741105059,0.000259808086984573,0.000146102105859316,0.000232165610999652,0.000110230437513914,0.000667719980192348,0.000329092828229048,0.000789655897585658,0.00123311032919467,0.00016444638812817,0.000404000265988291,0.000311220298920472,0.0002254873509016,0.000497979026259147,0.00016508586528056,0.00012649150208502,0.0003342182522521,0.000674514377095659,0.000218501218827944,0.00090086061165326,0.000525607508046807,0.000436346620819636,0.00069240587627783,0.00210063698225124,0.000174745850395788,8.80939504201835e-05,0.000148693762303857,0.000115088083160155,0.000410541868640079,0.000110925807833504,0.000143942959747052,0.000285540619626156,"HighRisk"
0.000319820304369625,0.000955966127633552,0.000473419739401372,0.00032834830886101,0.000172371856270449,0.000180289157295517,0.000239307890247542,0.000121941564679287,0.000144031496397155,0.000376944068328935,0.000325192723000376,0.000799555845857081,9.69947319485485e-05,0.000760678201258088,0.00167483941735552,0.000150385155981877,0.000525062708090879,0.000122116162463775,0.000251317396540105,0.00034145651730671,0.000829038870155134,0.000252967629391192,0.000970344618989786,0.00337861407598019,0.000148109407682659,0.000534021652220083,0.00124228790557896,0.00024205418797738,0.000138937156014535,9.92495697755853e-05,0.000232515161839643,0.000302836207756816,0.000133722601208723,0.000148913886764676,0.000278208854670567,"HighRisk"
0.000710821083278367,0.00131668946820537,0.000277772488536928,0.00138169661273692,0.000104868935364307,0.000231618750180484,0.000399410965644535,8.86390389336607e-05,0.000124513417178738,0.000464714777947531,6.57923652620129e-05,0.00120003136501405,0.00015698338871952,0.000720296786121884,0.000826002196442662,0.00034003642472366,0.000335852374338427,0.000144310452313687,0.000246607362301675,0.000329830264446414,0.00105874919844584,0.000265428171997425,0.00131301410525979,0.00158465824703799,1.98523271938846e-05,0.000882074542563652,0.0018906225251714,0.000192435236762443,0.00015685079326639,0.000141631209560503,0.000157233860179691,0.000183635669417082,0.000306240607309701,0.000157588249630981,0.000231661739733079,"HighRisk"
0.000386792903690128,0.000809543447696689,0.000717860679761012,0.00147577282626892,0.000203690074959589,0.000141342453637738,0.000250460224279731,4.0601832473388e-05,0.000357648610783466,0.000341516532361975,0.000538405632620003,0.000701645649063793,0.000200453715236808,0.000385492625067663,0.00121271370521116,0.000425742977299367,0.00139917735298127,7.37403031846544e-05,0.000115565457878313,0.000288677520849103,0.000910632849438316,0.000281512919037526,0.000968487825930729,0.00251664889453129,0.000228970995744478,0.000927089911345944,0.00122269020096505,5.74898150425081e-05,0.000144453647070047,6.87460315980078e-05,0.000208280410661012,0.00103188956359658,6.8879822230354e-08,0.000102386724194044,5.33752306476448e-05,"HighRisk"
0.000875679506315118,0.000344002367765758,0.000907791109846677,0.00129540929506342,0.000212113684059651,0.000321691604868551,0.000543311946240628,0.000112593853737349,0.000304977766323962,0.000734457800281845,0.000426641729299165,0.00161773518783525,0.000253203390692901,0.000244762609361769,0.000308538260487336,0.000287809069612816,0.000438750360653144,0.000149805035899355,0.000337480931932285,0.000573321896460593,0.00126260020665064,0.000473823757373935,0.00148522095457507,0.000571791853526375,0.000210897082195913,0.0010490010252539,0.00209697999946562,0.000100386733071819,0.000146740010997907,0.000117207503622357,0.000103684128264546,0.000282087700036077,9.47665329618507e-05,0.000161826243338705,0.00029326634507338,"HighRisk"
0.000890184933937449,0.000326377037627723,0.000854010246878803,0.00162814307263962,0.000154643921166422,0.000320172161360243,0.000489682256341171,0.000158499557577198,0.000128511166586301,0.000749546130836802,0.000136019709565283,0.00199435355927942,0.00012117620089542,0.000672965567502646,0.000745558527456221,0.000238254171473537,0.00106325382194763,3.22746328652002e-05,0.000177225171312663,0.00050787126875886,0.00127170402934992,0.000432603044117003,0.00160682306406488,0.0012376751399504,0.000131252475882917,0.00129369604011512,0.00286873674021397,0.000161676115811267,0.000151824651445824,0.000150051215594627,0.000284583245886262,0.000591756716126813,0.000106355362337937,7.82505075981793e-05,0.000151163839625608,"HighRisk"
0.000460124286108202,0.000411355527310883,0.000591433589614677,0.000564528720740559,0.000121541368800573,0.00024558957337726,0.000417483343987891,0.000187627896686931,0.000275336474159247,0.000457860811899306,0.000316421881906241,0.00153645514979973,0.000210278967896204,0.000319148746032021,0.000425711720218086,0.00037571485591533,0.000163602265885917,0.000162183204242603,0.00031653145942969,0.000514905350570206,0.00109272997841191,0.000334518058816023,0.00131220924792513,0.000582626266918699,0.000184249996692251,0.000768241463279786,0.0022406067116474,0.000163708668740998,0.000175586300537305,0.000144436302209915,0.000170118092950599,0.00015525749737837,0.000115010169877823,0.0001473213186982,0.000417376809920474,"HighRisk"
0.000278871983982163,0.000301995849451016,0.000766528917873818,0.00104154869724485,0.000141999659179512,0.000346974832489203,0.000544483530642409,0.000109719658359099,0.000217581790423472,0.000567398851782568,0.000252107363767201,0.00194533927120927,0.000326417582461025,0.000188335677172991,0.000273368302569966,0.000426287623168294,0.000698745712006131,0.000162886177637062,0.000173460967307359,0.00079762567484069,0.00214292463500376,0.000588194498893422,0.00218283924126389,0.000344667311617816,0.000220607812238019,0.00125512123488706,0.00357661709951057,0.000155714872523485,0.000194096655848699,0.000229890475923867,0.000670979244246945,0.000508125424085907,0.000170111172050081,0.00027248475887127,0.000260881501180911,"HighRisk"
0.000474682417651982,0.000423033767506399,0.000508047333418851,0.0010531032050856,0.000177884474875576,0.000236524104509247,0.00024479835522099,0.000141167892082945,0.00017700209158718,0.00113703139798237,0.000229712751682738,0.00166297720091035,0.000277122771095661,0.000282721557454643,0.000321819240105228,0.000140323800214068,0.000724136527499949,0.000134033335534259,0.000408079880379487,0.000296332020754066,0.000637468554551414,0.000214282993572037,0.000867973621715003,0.000668698399076932,0.000161725672714705,0.00154844312414383,0.0022616483913528,0.000154060586189626,0.000218241413051408,0.000114984453301942,0.000130436606523426,0.000417583163791279,0.000247922587556151,0.000159885376597201,0.000442134497485574,"HighRisk"
0.000588245681778718,0.000487431993820424,0.00105789388638579,0.00167208296759468,0.00018192978796759,0.000165751259228556,0.000316484449143728,0.000156795863151868,0.000127990092737157,0.000429464626472732,0.000245843301696124,0.00135745444750141,9.17524262553223e-05,0.000556848987187426,0.00101813899728571,0.000330131856523426,0.000709351449778174,9.90451586621046e-05,0.000266370013306646,0.000309389413135435,0.000692633543500898,0.000280644412950831,0.000836108869866804,0.00202305902515189,8.92649302511321e-05,0.000727134322125086,0.00206132796738632,0.000118865907559987,0.000116795129745188,3.18791615342639e-05,0.000116820452413797,0.000416501435460383,0.000163274302945944,8.13751951004521e-05,0.000289544537277048,"HighRisk"
0.000208060199566998,0.000190353012744549,0.000883683434259852,0.0006318726015906,0.000203364044247343,0.000194026215580249,0.000243509393136727,0.00012951953645583,0.000261131372885481,0.000534951410003484,0.000374392229736803,0.00178709758994277,0.000474800376915751,4.12305370914117e-05,0.000283917503253697,0.000297436616700938,0.00050351864337615,4.40559561962248e-05,0.000245193374863559,0.000668054010489852,0.000862492577937375,7.97089040220693e-05,0.00081297468602094,0.000496746072433648,0.00030986655022914,0.00108084636394654,0.00292928935236175,0.000102134389948907,0.000116202077660429,3.85249569809756e-05,0.000131843113651449,0.000290496441117096,0.000238963171214954,0.000115125313942646,0.000282122813293773,"HighRisk"
0.000670658995573626,0.00041444352286653,0.000707128183578526,0.000788011837139319,0.000141735401392683,0.000221723300352713,0.000266228616489465,0.00016212860667019,7.30346017732482e-05,0.000726301466884239,4.66752800726746e-05,0.00159953270081973,5.0315441461032e-05,0.000589939695197472,0.000904931716134934,0.000236792107391616,0.000487425021308365,0.000215106241839736,0.000182734089896762,0.000512507040117251,0.000903774023890993,0.000351867438371015,0.00127634703729995,0.00163107759420703,0.000115319334751461,0.00115055095155971,0.0021931871821553,0.000164182134955558,0.000151778138985772,0.000133953873710166,0.00025420891227648,0.000221691925097808,0.000298900352658205,0.000135772089732406,0.000229013202317813,"HighRisk"
0.000533691506965417,0.000299901780089608,0.000381257809471947,0.00130229697604046,0.000194162549799625,0.000320861896194686,0.000467140190906599,0.000169672899813002,0.000258737074429227,0.000898202521353358,0.000378393495616431,0.0022046835492821,0.000208978940513826,0.000141363378856903,0.000461478311164351,0.000459596593827375,0.000822664648025477,0.000108663926471855,0.000311378175305378,0.000501752174882947,0.00161302050161411,0.000470545224089326,0.00160219605664902,0.000983106706067981,0.000192064408888391,0.00170812028719426,0.0034318393143372,4.19767325205046e-05,0.000232320976892165,0.000117517743627068,0.000107969488689985,0.00049487549322425,0.000232196660919217,5.98239464498838e-05,0.000473442096143841,"HighRisk"
0.000430343434384129,0.000337562615510189,0.000486880580731035,0.00182333948134793,0.000176807000986789,0.000209155390028655,0.000426679250318847,0.000133063723301077,0.000364848538364663,0.000266505359827415,0.000508447016736533,0.00123033984770883,0.000307198123437243,0.000187514006216416,0.000528362665248944,0.000157596140071288,0.00133181683311559,0.000131478791580086,0.00018868001581408,0.000641709173733766,0.00158335047961938,0.000490816261022511,0.00163946137224458,0.00141683024212646,0.000339243216542091,0.000702770890227284,0.00253063343437742,3.0514911799854e-05,0.000128940217207502,0.000215233473095465,0.000270138716154022,0.000895535049238995,0.00012079597329052,0.000203806694905934,0.000158769240233787,"HighRisk"
0.000553914954621614,0.000958308551641887,0.000330248768387659,0.00138785539807341,9.40499751469477e-05,0.000226649898469918,0.000298881962912421,4.00946488102686e-05,3.55467891927101e-05,0.000824831385684579,0.000108371762907458,0.00147276791781637,0.000248333848695448,0.000420708709141603,0.000490464134117447,0.000212274946991075,0.000264168577627423,6.71579297883246e-05,0.000206380533393068,0.000366615334018889,0.000947981629569316,0.000320243707513861,0.00110074047749164,0.00101878667396363,9.7370675814605e-06,0.0012125469975294,0.00215138666659542,0.000158012266341388,0.000157263629919117,7.29831042598122e-05,0.000170471191114172,0.000175016197167588,0.000218172507536967,0.000113670701617092,0.000191082262838938,"HighRisk"
0.000445982489440099,0.0005869347943591,0.00012714079638322,0.000722268896146555,8.16490159301956e-05,0.000136001032401174,0.000160531622519793,8.6559343056671e-05,9.00519815054748e-05,0.000827459774644971,0.000158882619624184,0.00218087945554729,0.000294656335508238,0.000445443194230643,0.000434581346984703,0.000114572713104167,0.000160543673860702,0.0001359890254296,0.00018090961206879,0.000427794265700965,0.00088871617650236,0.00026616247127848,0.00103836145273033,0.00124874552167654,2.59075698021371e-05,0.00192323228972429,0.00449279365882346,0.000126065472299618,7.89052190385764e-05,9.39489843541352e-05,0.000221633324739647,0.000113129846520289,0.000258891318453187,0.000129319242770664,0.000185868444678415,"HighRisk"
0.000664633021975278,0.000626058058307627,0.000608609338656752,0.000772992468137729,0.000120153134221425,0.000163523720313258,0.00026219549569548,0.00011018774958678,0.000146279216334551,0.000344839135274705,0.000336759172403751,0.00244538471477681,6.96843546762262e-05,0.000281541275816089,0.0006421338199148,0.000432835026652841,0.000836609736165172,0.00013341196157118,0.000143876882633054,0.000288046874567631,0.000783175315096837,0.00021802516285096,0.000759991766788502,0.00137204886337059,0.000179403982198522,0.000500798568794082,0.00364202702016487,8.66024452197404e-05,0.000248510419280638,0.000100384652118385,0.000126437573807379,0.000496357958704151,0.000195889405906645,0.000150675771147315,0.000294714821005624,"HighRisk"
0.00226873801269686,0.000613274367752196,0.000711103747044883,0.00129066561327846,0.000481173862011064,0.000130529342275436,0.000205609353244577,0.00021002819334296,0.000744887829880546,0.000103553466343699,0.000981580661798973,2.54987399012055e-05,0.000999829886482544,0.000172705538436905,0.000201816223202037,0.000258046601105063,0.000916967850102204,2.33477902658303e-05,0.000114374404652115,3.27212570189077e-05,0.000130408609219771,4.7023810347183e-05,0.000198173880215859,2.02070660338753e-05,0.000854519557504684,5.14945109490949e-05,0.000116049410171517,0.000278057704156634,0.000176850951450999,0.000116880995530976,2.93195081482209e-05,0.000591508806685716,1.58478121425183e-05,2.2880886256585e-05,8.84083441816797e-06,"HighRisk"
0.000855539187718309,0.000586234290071414,0.000572106352457328,0.00015586144919749,0.000134939963630155,0.000322707013663046,0.00037776809100537,8.11055516042517e-05,2.82721146832434e-05,0.000892284034136977,0.000123085800395949,0.00282933492739927,0.000276758435157687,0.000194724559390647,0.000297181402077915,0.000140967210435693,0.000461031647895928,0.000140419371899763,0.000228783004786287,0.000466209888741822,0.00104736412191586,0.000401809965223264,0.00122624636031628,0.00013760416398075,0.000288285471739012,0.00163661191542744,0.00435919096143739,0.000165587055618427,0.000164941292542212,0.000144315451149528,0.000156113609791848,0.000286375557814362,0.000371436651620581,0.000243495820485359,0.000264061084478986,"HighRisk"
0.000581171899062143,0.000596349809405076,0.000247487626688635,0.000716230911733082,0.000151373533220009,0.000491175166766339,0.000780256198418849,6.275224365681e-05,0.000216870633967734,0.00125191157203571,0.000257664601518538,0.00266728915443352,0.000189426873945608,0.000214039707488599,0.000157441825245693,0.000161934835671789,0.000235692061678272,0.000514657485061844,0.000452964867795041,0.000882954097309473,0.00196423282671826,0.000656052106206368,0.00234013778397266,0.00017320499661004,0.000119319628897156,0.00182859291106575,0.00357885414303537,0.000102820819577296,8.86260172468173e-05,0.000271236678856695,0.000284884965167754,0.000101601051010193,0.000157414034023442,0.000519399475119881,0.000390995506697989,"HighRisk"
0.000327387731074896,0.000578939940584634,0.000353698132581908,0.0011074929240712,0.000151260457112716,0.000173314787393302,0.000283756207290796,9.59263872504276e-05,0.000151788974158542,0.000329748360204609,0.000152015221055354,0.000719773082830593,0.000152546309592898,0.000615505154960111,0.00151221937303115,0.000217755027354675,0.000352747702313183,0.000137403086092779,0.000179611767065129,0.000248850227548945,0.000829955323798147,0.00024554712376271,0.000910567456573325,0.00304209672836008,0.000114256525753377,0.000598965691270527,0.00134830791168709,0.000122581925945775,0.000196348126832316,9.33461055021172e-05,0.000149560567221441,0.000186398478478534,0.000166042956309027,0.000156092376653911,0.000232697192344203,"HighRisk"
0.000618997131131305,0.000565909461280476,0.000542279232665314,0.00143665764873227,0.000155171062969971,0.000209289280566506,0.000437036136293197,0.000176377879010325,0.000195895623620852,0.000347452175984054,0.000266596320079791,0.0010098953190844,0.000218384011905448,0.000231567036631689,0.000407740574492859,0.00026003298130918,0.000285884730783013,0.000137416283594069,0.000292609238920434,0.000481055599087626,0.00126913432304252,0.000393823717699579,0.00157601731443479,0.00110326701769446,0.000111377189582269,0.00059146489869687,0.00151254416156902,0.00013163029118316,0.000189699436864982,0.000119247561540785,8.26023352163554e-05,0.000212666154151462,6.22467907024368e-05,0.000178189370923985,0.000140936252844032,"HighRisk"
0.000661874995746701,0.00123424395282577,0.00078355594799842,0.000457578374950527,0.000299017616565593,0.000237436953523475,0.000282900327380083,0.000156202376704205,0.000348984774054815,0.000383995243016759,0.000667128741522066,0.00128319531947923,0.000160341181568574,0.000665378498020357,0.000186262548134281,0.000368769467065353,0.000562125756315197,0.000161764835532996,0.000314533163731683,0.000297040156428207,0.000794486580303608,0.000267112593166059,0.00104597013326037,0.000936232008494201,0.000306395334978362,0.000698624046011398,0.00212118699879072,0.00024649038351506,0.000224221496087632,6.04694860268595e-05,4.46165119549821e-05,0.000342883594692774,9.82725397874109e-05,0.000179501043259036,0.000364948107138555,"HighRisk"
0.000425237861178299,0.000522759275419332,0.000640290004929989,0.00104004885531047,7.89607189348243e-05,0.000314583778400354,0.000324269392123041,0.000155258460930044,4.74961218420695e-05,0.000666694595735518,9.96125499027915e-05,0.00169221894868056,0.00021069198613288,0.000460704811714751,0.000943760763994564,0.00017959855978036,0.00037662343246668,0.000198706518172732,0.000258154594899485,0.000426136023772071,0.00123898607297944,0.000432346898344682,0.00154353117155033,0.00204761874774927,4.96733281841579e-05,0.00109342238041243,0.00243646954788285,0.000128191478905042,9.35234496089338e-05,0.000108140417098051,0.00010236612534965,0.000224621961315728,0.000131879331983501,0.000164387197913384,0.000316901283551472,"HighRisk"
0.000380863538202296,0.000365819704887146,0.0003129486474361,0.000228453342725635,0.000107499669578126,0.000295250158286533,0.000356423628111967,0.000125170558682173,0.000151367985575633,0.00161070377892469,0.000154897552085393,0.00334519480457765,0.000167648798199225,0.000223249007931424,0.000280466607435163,0.000199402958208034,0.000982512548325745,0.000177147020465185,0.000404283076794141,0.00059925299073228,0.00119490037337442,0.000360924424088375,0.0012869976413662,0.000580267313096084,9.9610860948124e-05,0.00234271830178302,0.00469811923903655,0.000127059186394679,0.000243568029442407,0.000139151140427825,0.000188924407039627,0.000488431035768627,0.000302105230757293,0.000201596865062572,0.000517603827645269,"HighRisk"
0.000235043121902635,0.000343648791803884,0.000437403411634619,0.000610187061349583,0.000146384340626061,0.00036885770223637,0.000677626891504529,0.000224364858679495,0.000479957901146364,0.000298010662824357,0.000609502948193013,0.00151594001915326,3.46073356378632e-05,0.000128863493388397,0.000190513833931682,0.000286843616484519,0.000536369971557027,0.00101240825978865,0.000395552119339698,0.00067537909938051,0.00273351947964262,0.000798297400987981,0.00260120358181035,0.000102416567581551,0.000430673026970536,0.000927464327150459,0.00340746293636889,0.000103280584730186,0.000275621406995114,0.00027250273245336,0.000344984954413332,0.00039448874274425,9.32333909799717e-05,0.00151631078914963,0.000507349501800759,"HighRisk"
0.000150245143874336,0.000135527390944457,0.000270810830277123,0.0004552207783314,0.000137233753374325,0.000332240781693341,0.00058892397571846,0.000221096243852488,0.000259047868261175,0.000212044238486503,0.000193333143114279,0.000483660712596936,0.000113045770242316,0.000164212640245348,0.000164744374261103,0.00031161206144284,0.000448888596089752,0.0002893513223694,0.000303311649923846,0.000403047787899879,0.00205467550045832,0.000691924234080937,0.00224420820701027,0.000301292481704979,0.000118268381439894,0.000450584700915592,0.00107333754999794,0.000144416387112087,0.000257979969316706,0.000217859598485589,0.000233387796344868,0.000253673242597029,0.000148429798982833,0.000269369736000434,0.00027217768434276,"HighRisk"
0.000977408360688062,0.00182499308271724,0.000578066784649365,0.00109777078263213,0.000608485364625332,0.000171829078614859,0.000150185785206171,0.00011910597008877,0.000216182537156746,0.000233586705786499,0.000369434116509861,0.000628420137270496,0.000306967848244915,0.000296628727450413,0.000610709397737215,0.000368602366747256,0.000516860536183186,0.000125526922671049,0.000221845200755946,0.000273272590586402,0.000938156034158436,0.000274079191874156,0.000916259146347343,0.00173016257088084,0.000253828639802351,0.000544465291575408,0.00134130323784788,0.000469471909869064,0.00011226350094029,7.11005540324884e-05,0.000108635784025241,0.000346643272609525,3.97608640853246e-05,0.000211174478599529,7.95435379954131e-05,"HighRisk"
0.000226781415615263,0.000128814636055054,0.000350979567751285,0.00146687149463966,0.000173312418135466,0.00018016739076009,0.000209592054180166,9.20488489352916e-05,0.000170357195757023,0.000393421757485117,0.000115459768666395,0.000692248472700394,0.000158591163260103,0.000373576005133472,0.00219161084363179,0.000227710260461454,0.000672184249298514,0.000142343803663914,0.000148682841387207,0.000291146782277014,0.00087366000610735,0.000244504078961323,0.000867977972238425,0.00468081209808068,6.63009045560233e-05,0.00071644037328739,0.00119858422973284,2.55677507748898e-05,0.000176678938224052,0.000115055917117521,0.000159175021835514,0.000416842732830191,0.000133799960387985,0.00011207158705874,0.000192436008332111,"HighRisk"
0.000203594573362133,0.000252707097895479,0.000578746627866773,0.00059712023509825,2.50042911722796e-05,0.000348357741422623,0.000478722160593124,9.62566405444401e-05,0.000102473221889819,0.000423972920855008,0.000199377479548775,0.00129595486947896,0.000263758026875813,0.000294337236312284,0.00110617584265178,0.000288511695443743,0.00028558365477568,0.000103266070916615,0.000191714635936568,0.000697648779086834,0.00198695992342365,0.000616808675054147,0.0021170465004948,0.0026108311576702,3.65304793367121e-05,0.000918093461897908,0.00215150099323033,8.9749723799419e-05,0.00016896510484265,0.000228742193078934,0.000543359092899346,0.000233092367466556,0.000136696525308362,0.000202648353228053,0.000148740294775392,"HighRisk"
0.000340673312954573,0.00115947994700031,0.000626222581202172,0.000993607667963826,0.000205893229306031,0.000268717507276284,0.000356686160588046,4.82564147941322e-05,0.000103747561153039,0.000292648746337197,0.000237517813731558,0.00110563396004354,0.000158327787727457,0.000485905690614582,0.0008812173742273,0.00045474279522175,0.000828771341375043,0.000157100413676406,0.000212719204336319,0.000458651623900434,0.00158341027451144,0.000496658192219022,0.00169853502027252,0.00180357489314919,0.000133165994776211,0.000602920057197036,0.00214384780503088,0.000121524297715973,0.000174990979229757,0.000153235021625594,0.000303542541358885,0.000520376783805261,0.000119737261931884,0.000203657361544401,0.000123662346863061,"HighRisk"
0.000235437932404142,0.000166433767149099,0.000378108769790784,0.000426545374066118,0.000173043730113169,0.000207201593460442,0.000382736677761209,0.000155374905798479,0.000267265060000962,0.000602653610143748,0.00037515166917957,0.00156105979619997,0.000166643367471555,0.000112877647194072,4.50201507526824e-05,0.000199293005818915,0.00104130750184925,0.000144342305375734,0.000357131742307866,0.000546155423754265,0.00164985659633055,0.000544290389726923,0.00175429970847447,0.000308246534094599,0.000316833574945534,0.00139626253156897,0.00302025890720586,2.60764117276098e-05,0.000204980544626599,0.000179522809753924,0.000181493833046602,0.000724156639758826,9.98521018939637e-05,5.97525250355265e-05,0.00057168472123532,"HighRisk"
0.000470756749784667,0.000166735064235482,0.00159631169823319,0.000796455714456333,0.00058413791102275,0.000195878161047833,0.000363972745561029,0.000236476462729168,0.00102124342041088,0.000250571222891894,0.000991244231092492,0.00108063482309639,0.000256414340162611,0.000291354139334981,0.00039179885581636,0.000221354807403366,0.00017528944554394,1.85959714282959e-05,0.000278151080069205,0.000440922495319265,0.00125416120939022,0.000314278611336009,0.00104125180278889,0.000742298965668539,0.000906140793132239,0.000564777136287724,0.00167233967159072,0.000116592618175059,9.19861435399864e-05,0.000105393331743617,0.000143487509495073,0.000137505850570354,4.25968168252147e-05,0.000103139775885579,0.000142667818012345,"HighRisk"
0.000390719941427345,0.000421810591332424,0.000682882135148009,0.00228837389558326,9.74224452053531e-05,0.000198527538544378,0.000240678388564419,0.000130680576037415,0.000177398835954798,0.000216557952268171,0.000158554277479121,0.000762009480299319,0.000150743022637505,0.000425417955760164,0.000872319231463442,0.000356457810011798,0.000585745753339932,0.000143480792722165,0.000260998370901908,0.000270653884491302,0.00118430329170793,0.000323526377739606,0.000951824043730595,0.00233573506707567,0.000205047723796306,0.000581098911007415,0.00143812901817853,0.000136597737059046,0.000137907669222561,0.000143926007628479,0.000180943094286761,0.000435137132419384,0.000158947168385152,9.60388035124527e-05,0.000133204252499126,"HighRisk"
0.000451088814293064,0.00076780759085665,0.000763840871959684,0.00168435950102555,0.000305868821612696,0.000198941417557976,0.000283936043321286,0.00022839606126025,0.000257818756771417,0.000236616462781308,0.000384273831145455,0.00263599677519362,0.000189232517177664,0.000225314047501399,0.000414496795153552,0.000349475674537128,0.000421232922674112,0.000106252822549711,0.000237960199929735,0.000479445828260784,0.00123468398480519,0.00035417387025954,0.00118210172114141,0.000693230244945148,0.000323388287262596,0.000575434219024324,0.00427392524751269,0.000170282499304041,0.00017839636705969,0.000108738655535238,0.000225910784121749,0.000284184070820925,0.000231249793963768,9.20334504527557e-05,0.000283520003264993,"HighRisk"
0.000315110820953107,0.000239225774204046,0.000561137183448954,0.000712633127063087,0.000358185448353685,0.000179098662049124,0.000298763209690312,0.000157037770894503,0.000319526367334826,0.00115501960379001,0.000400047813214603,0.0022354013667679,9.28268542940422e-05,0.000190913467087953,0.000258191104207014,0.000273145729407756,0.00165852953577719,5.14137506244081e-05,0.000249924300302514,0.000478758864893739,0.00120152694037511,0.000418879196360788,0.00122650154884001,0.000550724202185586,0.000471734833312774,0.00177082608168135,0.00333839939105512,0.000131844317496151,0.000139278550021834,6.42075314057287e-05,4.37642796822904e-05,0.00087226143140177,0.000264791426955426,1.33187258320577e-05,0.000393752976071138,"HighRisk"
0.000167012132201222,0.000515711952326363,0.00145361166190753,0.00162633433527566,0.000137909989308619,0.000384757591248118,0.000293327105300885,1.4202395248383e-05,0.000431531260697469,0.000133426282629904,0.0003150228777356,0.000277184337748,0.000460030905625415,0.0015397539080374,0.00057878320882128,0.000489812005376051,0.00023560130035188,0.000301638783557832,0.000378512075495487,0.000297325962339462,0.00136320593596143,0.000385813027408859,0.00131633313996995,0.00107610626135809,0.000242917335767734,0.000215236485242813,0.000579730473043295,0.000275170011654472,9.64466215066024e-05,0.000188128329434741,0.000282519750283527,0.000223062210965741,1.30136481919202e-05,0.000128757694582016,4.63858027378139e-05,"HighRisk"
0.000327320142837529,0.000164120209496576,0.000832830400220879,8.25857999876787e-05,0.000205337366999033,0.000464603305911695,0.000706468157829583,0.000157911917193748,0.000450659018740854,0.000592165464194499,0.000677968178789487,0.00197649266271617,0.000116204321807337,7.53861007274292e-05,0.00013402653916999,0.000217833040014948,0.000844465141948825,0.000150057020838513,0.000387058869407436,0.000981291826015778,0.00251387844459544,0.000920612747092698,0.00281387931714282,8.20085864841738e-05,0.000334116664670354,0.000982207058526533,0.00303482417862826,3.65745638366608e-05,0.00015849735211783,0.000240381906879891,0.000861921327778412,0.000486754784161236,0.000118088227375502,0.000131957209661293,0.000234382921176901,"HighRisk"
0.000545852913562839,0.000169591323074151,0.000519167980316726,0.00136606460664676,0.000112363116059367,9.73183285332635e-05,0.000248135582950201,0.000168878094404409,0.00010707326211044,0.000444350048388215,0.000211013616670654,0.00153150171446716,0.00030744564945164,0.000336921486669039,0.000799774428859525,0.000310533751138948,0.000213989102847682,0.000136186954419897,0.000188044698727048,0.000375043469176169,0.0010736748031215,0.000463204109468668,0.0011069119698981,0.00215672659239538,0.000210394796518533,0.00111710040665242,0.00323546362174614,3.0109156387904e-05,0.000147160557566233,0.000162550424520028,0.000142380087240018,0.000179770900032939,0.000139589791508543,0.000178963188866018,0.000301763791399513,"HighRisk"
0.000280436728655562,0.000228190336557683,0.000380834669285017,0.00105563885567438,0.000176820974508421,0.000513439769563914,0.000628910294291138,0.000232215757526462,0.000348813057611941,0.00048874953078719,0.000434033746567147,0.00179232724978116,0.000101666001935811,0.00013711450977343,0.00017659121066102,0.000302956734217528,0.000691820350649391,0.000641652146314906,0.000451948576022311,0.000698520585754799,0.00214527686983241,0.00067447402766466,0.00223731957994548,9.78916781391247e-05,0.000260836320345063,0.00100793369895579,0.00270832229259545,9.0705730962331e-05,0.000241330077955526,0.000182278031138694,0.00021588935963974,0.000391178940175411,0.000170611561573803,0.000665108244418032,0.000407554187350479,"HighRisk"
0.000551028992824541,0.00034516057969461,0.000941938941649575,0.00152606309196982,0.000158165138298681,0.000137322452627824,0.000167162945410712,9.43392715630983e-05,0.000265511328552684,0.000260020186513111,0.000371410904227035,0.000639722432009367,0.000163515849285117,0.000270967251175197,0.000531171334967909,0.000762923251087468,0.000696946127461127,2.94838041025664e-05,0.000189148081081946,0.000153383556000127,0.000476578742375612,0.000100146843604075,0.000463661035497755,0.000916644198399615,0.000217993611965894,0.000747492643019943,0.00152511759145365,0.000133864965367721,0.000102142449406737,2.97042368790817e-05,5.51919909104867e-07,0.000540191128946369,1.95350555461429e-05,3.05285254473339e-05,0.000203818477025904,"HighRisk"
0.000349771017224521,0.000548774023257616,0.000626531165169555,0.00197090682429921,0.00020024422782584,0.000406657673099437,0.000515542416977299,8.6453478929495e-05,0.000346170649657995,0.000199461211441307,0.000265632424659157,0.000697419126466761,0.000304741514726806,0.000221181085066308,0.000328071364344423,0.000225298327762631,0.00129119441706361,0.000187864988996992,0.000310586028594043,0.00050899011480067,0.00208959995523435,0.000692288574974966,0.00221854553952585,0.000864750138887203,0.000328532459525105,0.00049207711145896,0.00126215923044332,0.000160078637439967,0.000146334842155006,0.000264895316236263,0.000339468176911173,0.000745786126988311,8.98568163107999e-05,0.000209824106018124,0.000198156026694189,"HighRisk"
0.000370682029614484,0.000300194222817265,0.00106374658276224,0.00176603814432949,0.000278767036830105,0.000217859472349778,0.000232878879156556,0.000139425116049997,0.00028369918937629,0.000625265346871704,0.000629454825970498,0.00149955880931951,0.000253537450816664,0.000458424802811,0.00088211127752927,0.000363304325234137,0.000903458695547182,8.10348120762637e-05,0.000152014267130334,0.00033525130702846,0.00122849799224261,0.000386171578970773,0.00125951761369933,0.0018766378564425,0.00031022184332991,0.00134937615774459,0.00281900417649695,0.000111568070774638,0.000153918594072585,0.000155254535692641,0.000166249388216503,0.000634022675994494,5.63570502528593e-05,0.00013454518617659,0.000236232018362377,"HighRisk"
0.00027140133524849,0.000125046068311384,0.000232360403731794,0.0010184999920271,0.00016696470161794,0.000193236423437247,0.000510842410352822,0.000134195685538858,0.000212471027598853,0.000612679447424901,0.00043693808790768,0.00144170403659079,0.000427726129190047,0.000311827956510872,0.000770471076329302,0.000179993472006748,0.000519381651271403,0.000202979753560451,0.000286528105926847,0.000457146624444515,0.0017173593066072,0.000728614886047119,0.00191934055817408,0.00219684567083462,0.00018652206792706,0.00155182227899582,0.00298408614214221,9.26919431870274e-05,0.000152519291762431,0.000240314163096713,0.000229366475851733,0.000385276078543872,0.000104403997735199,0.000286704888691465,0.000294208551984808,"HighRisk"
0.000285763721551442,0.000169530883413263,0.000680233887858656,0.00189253631923191,0.000154558026298441,0.000238493802834912,0.000387714185768747,0.000124545687036348,0.000196225760586013,0.000374502448739321,0.000269423503997612,0.00138768454492316,0.000116778989927779,0.000243168066241891,0.00114330606054179,0.000521263822464782,0.000444873156431196,8.82568190827249e-05,0.000195320854563098,0.000538518929746129,0.0015256182410138,0.000412019999052441,0.00149115991952581,0.00271067900614942,0.000171247356648461,0.0007560042142268,0.00243809185667457,2.52290528857181e-05,0.000188609826309134,0.000113927028993649,0.000212251966033728,0.000288998431459483,0.000111479264728642,0.000128352650482197,0.000234385078192299,"HighRisk"
0.000438542460210225,0.000204456864485521,0.000683945264859229,0.00177124190851904,0.000182522132595016,0.000393178640803254,0.0006416464211623,0.000134696988671274,0.000407366079208196,0.00042630326494716,0.000497240042429602,0.00181090765585614,0.00028772242459613,0.000149544821621291,0.000262178465100646,0.00039462995957158,0.000338462293980065,5.36344301815788e-05,0.000380405368807639,0.00122763291164427,0.00224282282154509,0.000650148196302951,0.00210764784578177,0.000327054561253799,0.000317065371385704,0.000799974874541557,0.00269979655514926,8.8443994428839e-05,0.000114155145082097,0.00019093478635971,0.000350069535241761,0.000153574825135013,0.000190089941683758,0.000100326140252388,0.000489476216849679,"LowRisk"
0.000143088554116858,9.43403338364149e-05,0.000466481061808993,0.000483407248656606,6.01122666600848e-05,0.00022293301449946,0.000372003697102541,0.000117581979301939,0.000183238235987277,0.00066882493847222,0.000256968645802228,0.00171502087736896,0.000244903288657054,0.000191691037709688,0.000900576506778022,0.000289577400321402,0.000329330768022095,6.03622634951263e-05,0.000224448834792441,0.000706174452553806,0.00151117788360644,0.000404931309800856,0.00155076042917755,0.00216607775826777,0.000133664296479609,0.00129651446232034,0.00303936186558891,8.40946870756705e-05,0.000133529234057012,8.96591604954166e-05,0.000541961111653678,0.000242178424959075,0.00013492148300294,0.000124925884850487,0.000251252223846032,"LowRisk"
0.000182856370414395,0.000527497613400835,0.000508007664794412,0.00047681132102054,0.000153364217622575,0.000443368315946635,0.000521413999196635,0.000218451002060102,0.000178622106172827,0.000804533888469469,0.00029032896906407,0.00212718829340158,0.000134450313380189,0.000221762074669347,0.000143741699295951,0.000102524200071028,0.000794118647733835,0.00109773272866906,0.00029230500070288,0.000771883639163436,0.0022530671318725,0.000696054436274243,0.00230690241335068,0.000124766687742431,0.000237580492492955,0.00153113144578723,0.00344173240426058,0.000304856349969567,0.000211412847655497,0.000353943774316673,0.000493376257122826,0.000512359313070569,0.000208841806674198,0.00130341684115704,0.000422663234575786,"LowRisk"
0.000329228007901282,0.000498570907097902,0.000369389297005205,0.000127345791986131,0.000235201869012791,0.000564728388347673,0.000820336378535,0.00017149644483705,0.000230540174752318,0.000650207253795779,0.000299770863681458,0.00182225753590478,7.31094105354272e-05,0.000138254805124078,0.000121372882895738,0.000181325632507113,0.000658617138894503,0.000292940625426779,0.000415438794228282,0.00102516642699497,0.00266152157252169,0.0008752795209887,0.00282590431070142,0.000190311786429163,0.000285385097863066,0.00118511015471489,0.00267193444500526,0.000184560549662592,0.000275105010458051,0.000294900977672834,0.000504520640802071,0.00049170388573549,0.000162605600688697,0.000330788508421491,0.000196059717005195,"LowRisk"
0.000382813580367658,0.000846007504624437,0.000221926858852972,0.000649297875554166,0.000249869064749501,0.000413661470256544,0.000550113845660788,0.000216054711141539,0.000196092664465258,0.000898265989901164,0.000352666058752741,0.0027881072029641,0.000158659498082253,0.000397910786828066,0.000262160477290736,0.000231508220543273,0.000729609323111721,0.00112886593865748,0.000405927217007681,0.000839434703583186,0.00213378724778524,0.000678431004248009,0.00214204026479533,0.000128949631664411,0.000162157100665574,0.00155541373531582,0.0037470694827903,0.000237059763600378,0.000193805497433803,0.000222293398725691,0.000230965523363482,0.000391383265701985,0.000257465609547276,0.00110635622838652,0.000454713901335076,"LowRisk"
0.000195357783879824,0.000112713483462427,0.000307093390361886,0.000860586843388295,0.000158849485661036,0.000459722544268474,0.000617542247852674,0.000216330516321202,0.00028226641566538,0.000674964108137903,0.000324201945763657,0.00240768188444899,0,0.000166157179022261,0.000127893888563369,0.000206238255962448,0.000766049506901585,0.000404573428474932,0.000384070477316714,0.00103467268164143,0.00227282248587651,0.000882942741107844,0.0025240787786544,0.000222389921154149,0.000279813971319946,0.00135307522327705,0.00364451019025299,0.000212872082893266,0.00021751073245331,0.000230835241525514,0.000313252691994632,0.000531582972804647,0.000281676948462609,0.0004635352395189,0.000339964236608902,"LowRisk"
0.000321875750655033,0.000216414744563315,0.000278477264227817,9.49162250359738e-05,0.000104207318202048,0.000411948303132304,0.000581277960670458,0.000203639298446746,0.000258199854405323,0.00110268778055229,0.000461964999496005,0.00304215072205566,6.69821757564421e-05,0.000165656787121539,0.000163886373520779,0.000162860274708433,0.000699947634177927,0.00058731779448632,0.000272045626516297,0.000854472799203193,0.00199172649217597,0.000726713316574983,0.00220910262373585,0.000106169385076483,0.000304549988681503,0.00224157856317371,0.00471824900919092,0.000153792089865294,0.000258121420357862,0.000293513211033612,0.000252617096060398,0.000457940678548039,0.00011142576490515,0.000752909040693942,0.000356630658279185,"LowRisk"
0.00012160313504616,0.00011444902286352,0.000304461872741747,0.000147083109414339,0.000130443400732475,0.000334135712891021,0.000556486877609423,0.000205823642553975,0.000122489564951663,0.000411430593568861,0.00030919337997979,0.00166067534480774,6.81428435677613e-05,0.000118540264421217,8.34401901826377e-05,0.000330076642430594,0.000673494852931667,0.000504574104130315,0.000468751191757658,0.000390867784458396,0.00216453453798947,0.000661466250111888,0.00240748233173423,0.000115096234879479,0.000295562468187157,0.000796550562419529,0.00259208890504565,0.000254536619946618,0.000211220777522089,0.000215727676336992,0.000170025090564364,0.000427101296814712,0.000266968303128187,0.000580339243467995,0.000533001316958298,"LowRisk"
0.000163107377251184,0.000165339715117582,0.000365938475578896,0.000881247542521337,0.000199467158007058,0.000286779016765861,0.000470225249439014,0.000237847471389142,0.000284021468967837,0.000964443921218678,0.000487841952155079,0.00245915279097827,7.2215214194988e-05,0.000142103590933524,7.80671866991646e-06,8.00114296466549e-05,0.00180357851332549,0.000627942655211753,0.00037945475768236,0.000949195057055056,0.00171346994112592,0.000506754506846399,0.00178352873095363,0.000126879991255922,0.000465883093498197,0.00192360137392526,0.00385995282771735,0.000171051389929029,0.000151763950162522,0.000146038645917688,0.000528026776813822,0.00121335338957813,0.000184181755675775,0.000633858904623003,0.000541983408690859,"LowRisk"
0.000221444970233375,0.000156267396211022,0.000188383420900099,0.000308958916475355,0.000201820649019047,0.000261181260893247,0.000285673946047715,0.00022970614833939,0.000226851810855593,0.00153358047223725,0.000250012682441136,0.00298555149416333,8.64227285806982e-05,0.000154633746953916,0.000109618326737254,0.000312657369137806,0.000858097391930075,0.000133189234109733,0.000454217214942148,0.000402873892868469,0.00116703516955686,0.000382763494175125,0.00118466680451103,0.000216665653027187,0.000407904634273646,0.00250676554506059,0.00419328730525479,0.00023125370471799,0.000170311311046117,8.94150344418503e-05,0.000186703666217565,0.000498170774411634,0.000284978867991102,0.000104728677852874,0.000670059549337935,"LowRisk"
0.000448213041602398,0.000771181943684255,0.000138450050731055,0.000269327309147446,0.000307680001163987,0.000259058899511121,0.000461103928777859,0.000132181872714401,0.000221811632390114,0.0016400941210892,0.000302876020409805,0.00323536450510079,0.000140544556060321,7.3681831501443e-05,0.000138037670036183,8.09372733795652e-05,0.000348185240215946,0.000987801487618322,0.000356781424213124,0.000461660271469555,0.00177183761172949,0.000535859863291639,0.00175710708376284,0.000100343602312465,8.58823824238045e-05,0.0030693246592897,0.00512406985755023,0.000146072727802464,0.000153402038193869,0.000213862039530792,0.000276660449972014,0.000220501051878559,0.000247844319735854,0.0011345224133381,0.000286534066620769,"LowRisk"
0.000178067896407347,0.000325853646024942,0.000590859780112405,0.00159467423856991,0.000293616540487171,0.000235065561463482,0.000290989769909919,0.000291928518008314,0.000655294280112865,0.000528314351906494,0.00107106962723424,0.00125998437644307,0.00017187476936681,0.000230768277995537,0.000203779700284042,0.000214133220721327,0.00110270252372872,0.000139662971961648,0.000330232135015458,0.000460157684040339,0.00110258355754633,0.000360719302354076,0.00120560385474346,0.000226982493685427,0.000663612147032551,0.0012448233378345,0.00220172261689847,0.00016224205872974,0.000240111201759796,0.000128523211533906,0.000116085294277078,0.000664037990348342,0.000157537915499274,0.000169741914475351,0.000474858147924706,"LowRisk"
0.000152915133887026,0.000402959759843883,0.000240004766119968,0.00017517428751406,0.000341348544200553,0.000212131759991904,0.000438957909463126,0.000175576892847253,0.000382492882410514,0.000362934613177379,0.000632790075912714,0.00127113117290746,8.50283805074951e-05,0.000126848585734877,0.00019531260936711,0.000401118087674106,0.000700051692184108,0.000509578667136757,0.000144782298100337,0.00047316899950748,0.00147311289086003,0.00038786321529527,0.0014604813613999,0.000187384217075403,0.000585013740652546,0.000940113952921704,0.00289720788889479,0.000176222261839195,0.0002695999858474,9.61032043624615e-05,0.000129011530873477,0.000483642653184968,0.000143282958050434,0.000210447466302757,0.000328857787060019,"LowRisk"
0.000415054285552807,0.000631610938485735,0.000389855555487618,0.000318066915959788,0.000337964470175495,0.000245837972326575,0.00046498196374294,0.000260075432557532,0.000360848726375103,0.000661988649669553,0.000460000184759426,0.00190163669197682,9.83270686370068e-05,0.000187226152020245,9.69037962043589e-05,0.000228460908117247,0.00106207757360069,0.000394294884615236,0.000317329270183272,0.000524492944331779,0.00167585314997276,0.000502313710375848,0.00162468650737654,0.00025465468600576,0.000669241685531463,0.00151466074329264,0.00341497517168613,0.000264512598503976,0.000238346404584323,0.000151687701453138,0.000116369475442896,0.000642261817343539,0.000147006679333009,0.000372882123703181,0.000437517326011987,"LowRisk"
0.000200913723993994,0.000221064090502097,0.000429297490390043,0.000319345584944052,0.000307080790040866,0.000223931043024776,0.000485859169550844,0.000279189999770215,0.000455268627722628,0.00119135511890488,0.000725308314003464,0.0028350955927934,8.68559125277578e-05,0.000250273510603557,9.99768042759645e-05,0.00019002948412482,0.000735252176236381,0.000316322266837808,0.000256147695470636,0.000634624729005097,0.00142188800781426,0.00043076820655504,0.00137546865892371,0.000154725412052801,0.000722246882174101,0.0023964021177843,0.00441454834651944,0.000367370507003322,0.000222716278401944,0.000215209076107063,0.00033494097275607,0.000463474010414299,0.000192974206996203,0.000430677349407969,0.000425976322174484,"LowRisk"
0.00014481635613531,0.000149355306190505,0.000437778578864561,0.000877539985303858,0.000232772535760569,0.000400445947398447,0.000510278143920871,0.000125190648511189,0.000409734202552527,0.000803725240377126,0.000624950924731084,0.002185094217692,0.000104392260406542,0.000149689936655242,0.000184164406276557,0.000292949968829504,0.000679353259365376,0.000474658218054865,0.000412800862029177,0.000795036410919003,0.00205852676206881,0.000632437754702559,0.00201684824958767,0.000157799159909033,0.000586190378012327,0.00163655418666877,0.00349487631034197,0.000285117648338328,0.000236485723229829,0.000168472865277812,0.000460068104368847,0.000384582979034217,0.000355359661138158,0.000509456950830566,0.000579719199368488,"LowRisk"
0.000245898608391738,0.000328438671894549,0.000618254865432902,0.000768785954724402,0.00033165503218043,0.000317378117844176,0.000646035438283018,0.000239402879839367,0.000511201041915454,0.00104024786861523,0.000783918881478079,0.00254666032487289,0.000158785855926752,0.000208674939468321,0.000172617680916307,0.000238795175578096,0.000988258613364287,0.000260597732430401,0.000253054039429199,0.000703841347679273,0.00190080521503972,0.000549301583227098,0.00176466301765513,0.000297794826174534,0.000613338090150931,0.00184938683274259,0.0038400102007921,0.00039740995381771,0.000241288458713697,0.000181001727485555,0.00028974072060888,0.000558329884216166,0.000191375458051083,0.000281715686325388,0.000422375356220991,"LowRisk"
0.000265372612626047,0.000412724170263193,0.000578702527122852,0.000155366180738794,0.000293174648354009,0.000342081709478999,0.000588790063656824,0.000232718622357778,0.000365282888314567,0.000952869453110704,0.000646507531358411,0.00219921015750991,0.00010802537733495,0.00014011468935865,0.000115845526770464,0.000117257746323248,0.00144762037658186,0.000577642166638939,0.000266384842624869,0.000680772529468107,0.00169078410687956,0.00052485659940288,0.00175055757724082,0.000191679902774928,0.000631485163411664,0.00195719003357524,0.00389649690243628,0.000193857630092291,0.000242547976747764,0.000230973562795032,0.000369727467026107,0.00103228806979519,5.05240752038923e-05,0.000703526397408448,0.000415569606622727,"LowRisk"
0.00031479988327918,0.000234368065180496,0.00386913163199643,0.000272117246235372,0.000882259053985032,0.000356042290270017,0.00041340677240534,0.00277138918454598,0.00100776694030068,6.06676080497161e-05,0.00102663464252712,0.00062733165384882,0.000215906783317205,6.28748894417479e-05,1.21259444036845e-05,0.000131118542638883,0.00122094784108043,0.000177590585869632,0.000782004549732324,0.00031829042150475,0.00149523764492741,0.00040914551565761,0.00140584777578687,0.000225781187724105,0.00153314341153182,0.000372808435244353,0.00126125666537641,8.68271083783265e-05,0.000166424821398608,0.00013956703081653,0.000147220333565904,0.000854310560193073,0.000379582908837637,0.000403932453425508,0.000182053581229345,"LowRisk"
0.0002206042208575,0.000280687750634822,0.000400183702657905,0.000121539073650191,0.00026996613666939,0.000313978618161742,0.000409710350928187,0.000278396492243548,0.000220308970265102,0.000741128170171803,0.000382022186862376,0.00172630328403724,0.000274245451251073,0.000169259351340107,0.000174082085187943,0.000246182833258806,0.0007766316889292,0.000422984197532155,0.000246979256442346,0.000707717257089343,0.00173535335091195,0.00049208845298571,0.00160173323231487,0.000245223838195661,0.000497379487892806,0.00157135552993215,0.00322231192602189,0.000364283769341997,0.000278901361157631,0.000186096843206866,0.000260995150347022,0.000554035068754569,8.18623215784794e-05,0.000511647253486514,0.00020866909974403,"LowRisk"
0.000378883851036982,0.000416163523200625,0.000642753183406114,0.000683818925992754,0.000373811222015782,0.000298853185427626,0.000313977311958427,0.000367985187453225,0.00044729013655788,0.000677046384332337,0.000819528057360958,0.00196258214964443,8.26629262194164e-05,0.0002373172089897,0.000191935390614465,0.000286523839058491,0.00199436083333603,0.00022657666255017,0.000276622595186001,0.000399913771719697,0.00114984956899727,0.000296593333552,0.00106635894305123,0.000314979317000083,0.00085633400702665,0.00163119717501873,0.00349794752661579,0.000270888076870175,0.000370476507079183,0.000105234274885457,0.000113262779630426,0.00128035423305874,0.000121131484324401,0.000234276696541414,0.000510682236593426,"LowRisk"
0.000280477679814869,0.000444559670120075,0.000478994389210412,0.000264355071180896,0.000272727389717419,0.000332114964066865,0.000457132322578162,0.000282601345019323,0.000252765552978008,0.000503819096007641,0.000521823252385776,0.00151661103732658,0.000325180522587174,0.000317134645160782,0.000184315395326335,0.000307769157706414,0.000693072702147097,0.000521822735965527,0.000205206541030854,0.000416784229313764,0.00173643972534073,0.000436993667659877,0.00166919289412847,0.000198527585047482,0.000533583045781704,0.000946564951095233,0.00280868354447903,0.000383259142495512,0.000186560139086606,0.000120052552982968,0.000287717288162063,0.000464182576229358,0.000209117202472351,0.000583753020181747,0.000153522775130096,"LowRisk"
0.000228585914194136,0.000342986854113759,0.000400566473443577,0.000656959236852074,0.000208789821415623,0.00037963256326112,0.000575020713533142,0.000242860949800369,0.000261096864007059,0.00124281508462052,0.000418296859449256,0.00264867163841238,0.000114008127040784,0.000270704005790722,0.00015208871417476,0.000262650790240096,0.000765161842189988,0.00034522877447296,0.000199711311498789,0.000777995518174929,0.00207480047660336,0.000550388394947505,0.00181758407653847,0.00016687102491466,0.000486335235802572,0.00217456193867503,0.0041284129924617,0.000230834712237333,0.000212859362544145,0.000182047428040206,0.000202192965492931,0.00042410085733736,0.000156740389138541,0.000362473542272241,0.000361975265366598,"LowRisk"
0.000308614099318478,0.000278625002113675,0.000311837699512613,0.00142620783767593,0.000172919397541313,0.000394793809222364,0.000611541551789996,0.000196416671008907,0.000144330066517229,0.000706870114651251,0.000317020828277754,0.00208983945691677,0.000135677978092236,0.000262317215722351,0.000168187610767515,0.000337396031239076,0.000736725915806746,0.000594444953744265,0.000189119039784997,0.00106672351264506,0.00206670435987508,0.000641597013264138,0.00201338715690076,0.000237397310900212,0.000255309432193059,0.00140451468759891,0.00316496906318046,0.000341077428421808,0.000151344150958316,0.000171699982066799,0.00049431145852967,0.000455236463952334,0.000176997637027407,0.000599625146146122,0.000293229644380355,"LowRisk"
0.000304848060674514,0.000488332510342652,0.00046644774905697,0.000237844019235398,0.000303661514242042,0.00035024105344128,0.000547320676497288,0.000236626090399476,0.000196544225415102,0.000311846558200857,0.000368450684091504,0.00105263504151942,0.000326445575622439,0.000229069894686772,0.000253894731907438,0.000365212770757097,0.00122583450696022,0.000420477614411172,0.000145033294812415,0.000525838519314343,0.00193719437116068,0.000538153119623737,0.00197597017504836,0.000309521344843319,0.000496153437273176,0.000707284393366924,0.00190383813734732,0.000160365202454142,0.000332525845419849,0.000165395695789842,0.000101124434617037,0.000886926119660901,0.00031545051546236,0.000510886617444519,8.78433631246545e-05,"LowRisk"
0.000166694612646893,0.000117987860680233,0.000329502540189485,0.000192478198643706,0.000219813694620632,0.000467735842762695,0.000592508778859935,0.000111315588466464,0.000336347548714552,0.000936456826682565,0.000505350500477084,0.00301339210264459,0.000108308646972255,0.000123299447304413,0.000127526065612527,0.00011847803924242,0.00137179623504269,0.000471879776035205,0.000191848071514836,0.000732638098802873,0.0027395351656646,0.000818678182276606,0.0024824567020592,0.000151033004843681,0.000376374140188234,0.0017123183683542,0.00440474947818507,0.000139221745730564,0.000205239335213817,0.000239102520501977,0.00016807338344442,0.000830767030214646,7.03733335544318e-05,0.00045074262042509,0.000236411260461116,"LowRisk"
0.000257841772236729,0.000418005594725322,0.000455111945147962,0.00102044558374749,0.000164933658742306,0.000403869235245326,0.000726009695312589,0.000162743852454164,0.000268529365950546,0.000358373956523645,0.000436361311913866,0.000971115275467593,8.88074621973361e-05,0.000193208331103586,0.000335834217057845,0.000425843912923902,0.00107529500953363,0.000409667831937876,0.000239224078577293,0.00119698572471947,0.00242968177010191,0.000731222062463524,0.00238263335517544,0.00030461434428343,0.000335999628057827,0.000687827790053169,0.00147907826464038,0.000164438980253919,0.000176820976140553,0.00016579509512032,0.00045131077240823,0.000587434964912247,0.000107110207941152,0.000460688757853857,0.000306298184573205,"LowRisk"
0.000142165571621469,0.000107044099375407,0.000427093481186112,0.000854192750614158,0.000301654929193532,0.000270456281858437,0.000526769569952277,0.000260994819093872,0.000230875290635549,0.000828088001917727,0.000441180923193994,0.00253527388436161,0.000168249234121206,0.000147225303933125,0.000118371443632736,0.000169181693967825,0.00243478594248452,0.000675810303271424,0.00021119470137601,0.000671899934464809,0.00170666068829549,0.000493960687446212,0.00177956254657327,0.000200515448363963,0.000707020177696583,0.00170798470784352,0.00406852095983425,0.000233873677726522,0.000241167452039491,0.000187531944779623,0.000166388165240016,0.0015931800191624,0.000130882159366751,0.000807523952591584,0.000283914464179814,"LowRisk"
0.000198764908667827,0.000294871999774634,0.000354124912519917,0.000203821186135224,0.000229511443547262,0.000425424403994286,0.000570539458442095,0.000140267018950476,0.000299798478643243,0.000983461641327553,0.000557106059593049,0.002193118553295,0.000164987438822976,0.000166054880225349,0.000197420873261854,0.000125293528038619,0.00101429181603069,0.000429420850464585,0.000182109575613147,0.000868486204478388,0.0022790603416737,0.000712994236062095,0.00231908698521172,0.000176422008420383,0.00045341983173222,0.00175369298455704,0.00332618646411091,0.000234909087588403,0.000230374225069974,0.000258556747151434,0.000386849780961146,0.000597736490931467,0.000126265430548774,0.0004954087994942,0.000260113618307715,"LowRisk"
0.000584136537321584,0.000414055011211843,0.00040924257036176,0.000213322453524874,0.000276259117393065,0.000241695323001542,0.00036521663653152,8.38944403579205e-05,0.000238858244034878,0.00036513315149938,0.00039243807554895,0.00138101751309684,0.00010038903877848,0.000304121268815376,0.000304608676319238,0.00058476183735076,0.00077186696650912,0.000190791559645383,0.000241951558301433,0.000689951561927431,0.00170860828038462,0.000434698610457302,0.00169657551562157,0.000291165733788499,0.000355743565275908,0.000930884794912589,0.00248983046506655,0.000116941453861269,0.000314389835663479,0.000133488129926451,0.000167375359192857,0.000424813236587417,0.000266743817609531,0.000215442614168597,0.000245039291977307,"LowRisk"
0.000387420749868114,0.000232175315568749,0.000475641871958406,0.000512604117553325,0.000280151297225975,0.00033272932001785,0.000483680136404722,0.000255142632095188,0.000293028426954429,0.001588947950388,0.000480851729168694,0.0029474474589877,7.20567794840464e-05,0.000237084621879613,5.53000421471578e-05,0.000142553280734127,0.0012377225460248,0.000241477908053023,0.00025916224439244,0.000776049190090151,0.00182662607083397,0.000599192453498651,0.0018751417727805,6.43086539638369e-05,0.000315186607664477,0.00266762726803993,0.00429702134023577,0.000102909155678569,0.000195547393076358,0.000181457465817729,0.000552886746031976,0.000710991876758505,0.000107484764955471,0.00020062591583019,0.000262005546601206,"LowRisk"
0.00030246328744122,0.000266158928628027,0.000467687960401443,0.000626537082476782,0.000229924272575963,0.000264957719092353,0.000510992302965246,0.000208309009752917,0.000292158429756749,0.000813233557978494,0.000345453615633284,0.00193202491750476,7.84951860132044e-05,0.000148627043888713,0.000162402125396484,0.000163609693490903,0.000661127528130486,0.000409242552442905,0.000366112138862,0.000434003331373348,0.0018291738749584,0.000580852931950934,0.00170246807398143,0.00030448113857682,0.00046046430634775,0.00159398359943818,0.00320511249516727,0.000230668673002286,0.000239908833886345,0.000148432490821663,0.000211163342147713,0.000409238182782519,0.00021500404984648,0.000467474590440024,0.000507374212064025,"LowRisk"
0.000289985770126309,0.000239686891971579,0.000588543934043649,0.000902944904592693,0.000196083856900737,0.000313736554543733,0.000439907141240574,0.000222605822950078,0.000283099643104459,0.00124290705016927,0.000378631250313357,0.00218412456252965,0.000182145836689512,0.000136601323645901,0.000140108476912272,0.000215066960231422,0.000423287147311347,0.000110322682592471,0.000182653209690712,0.000597880874855344,0.0018318839193197,0.000523955707259953,0.00174583704549933,0.000255287022322055,0.000325817655919735,0.00234550843993499,0.00348824868264228,0.000147196349493436,0.000170677364697174,0.000200600492615559,0.000421219864060265,0.000306080538730276,0.000216880263331806,0.000114743219310192,0.000220279891639824,"LowRisk"
0.000218347933640211,0.000357224181408169,0.000351209400829037,0.00120883158029837,0.000173904083615784,0.000231674788127088,0.00034888474236576,0.000350030836865215,0.000188115171443121,0.00105950425335487,0.00028624559444897,0.0024992394118039,0.000361016611160454,0.000229270771558975,0.000191490940338793,9.47406447405353e-05,0.00100025241559672,0.000178632852606129,0.000251936462005314,0.000508837716238663,0.00138077496861363,0.000391745510658622,0.00143856999977749,0.000296518908307638,0.000273103260682195,0.0021721787997299,0.00433477536602246,0.000322767372814881,0.000228544285494085,0.000168128578222503,0.000113663029360646,0.000722729850798037,0.000121703509337348,0.000178071786922851,0.000397457270009836,"LowRisk"
0.000167251266122493,0.000198887989722244,0.000381647733299387,0.000324754261532005,0.000149280404966324,0.000314499753609331,0.000401958217532403,0.000173317496152589,0.000127895456371989,0.000802291220892742,0.000339564346110045,0.00197127799365322,0.000136910844872828,0.000188803237548436,0.00020278002633303,0.000309898444007208,0.000578412275273732,0.000422579623601208,0.000337997979033937,0.000568705093547136,0.00144032466538508,0.000417751075281504,0.00138269402209175,0.000181030138700453,0.000326165682014445,0.00158168427920197,0.00317839669046982,0.0003007848815548,0.000138829862578818,9.59221531612259e-05,0.000191605398152386,0.000333316863928401,0.000168571939942175,0.00043346985841266,0.000533157639797955,"LowRisk"
0.000227297538976508,0.00027073805120354,0.000307864566563941,0.000540519028376201,0.000408889405586669,0.000352994706283465,0.000616495991772368,0.00031426315369511,0.000423970244950636,0.000875320500447743,0.000668470236824539,0.00268987065108718,8.14483016832266e-05,0.000173543219983199,0.000122381445297166,9.40869737549088e-05,0.00101949752973515,0.000584917073782749,0.000518274499852768,0.00046196756503773,0.00190633158895006,0.000657597087377103,0.00191265395723805,0.000100065434278977,0.000768946700469928,0.00163836450017226,0.00398346408437678,0.000220743788752726,0.000216778308687836,0.000232993505164915,0.000186626793191401,0.00065907154093539,0.00021028469784415,0.000607698063165429,0.00071696758749933,"LowRisk"
0.000344895516729369,0.000533813780651305,0.000349286760850528,0.000275713854510068,0.000332096598940261,0.000294095752703775,0.000414882741073924,0.00021311793531928,0.000398683214892752,0.000837044428908037,0.000534557189403528,0.00205826228308607,5.29590635724735e-05,0.000101238221810323,0.000149849033014852,0.000147941572313071,0.00077137451249973,0.000300235496167175,0.000433332162859139,0.000532539321028619,0.00184301609633069,0.000643935361964209,0.00173735898208515,0.000197131232722715,0.000628788665481876,0.00146474863385497,0.00328691032647285,0.00025123439159706,0.000274275929245873,0.000209637528312539,0.000269245310574269,0.000412566684860846,0.000377757716845547,0.000364068334439197,0.000606471864065748,"LowRisk"
0.000724965161227468,0.00175357253717486,0.000489696100660527,0.000391150684059749,0.000729957138494389,0.000187131166902707,0.000215461692486517,0.000113047821197604,0.000145030881378748,0.000517547492428779,0.000321887285178023,0.00150490918480737,0.000160403730739201,0.000327423780062738,0.000332397581781124,0.000243671752217588,0.00045226414685199,0.000454944045811863,0.00020547322081994,0.000356113158736799,0.00110201121522107,0.000294168088771379,0.00116190337516644,0.000112528103828641,0.000340103326898387,0.00124786568180146,0.00279496207955062,0.000138967745523801,0.000192181848228855,9.03859495697045e-05,0.000123968932928405,0.000272633368923411,0.000126099721325619,0.00064584059427573,0.000303808575076634,"LowRisk"
0.000255938955133192,0.000500699477140348,0.00231123957570972,0.000114431380395173,0.000671742909497145,0.000266076891922521,0.00028374546053904,0.00173961124999923,0.000667850113879195,0.000497273443909287,0.000424816705866181,0.00198590951760303,8.34298349962171e-05,0.000122744591648903,8.83974042187569e-05,0.000207357076759482,0.00104478902984395,9.06799924134513e-05,0.000383416554659241,0.000396020252559975,0.00141585368703185,0.00026184903382537,0.00106776420143098,0.000162939131407022,0.00136568675938298,0.00122391643256787,0.003301367196891,0.000169181746716987,0.000115998378706982,8.61159343705632e-05,0.000145448310623071,0.000626957637274426,0.000164718407531627,0.000291979137198257,0.000503775603746358,"LowRisk"
0.000322676219786051,0.000910462689427816,0.00126311478813555,0.000317674483363279,0.000681856526346681,0.000157629081023301,0.000430095028630053,0.000247225610864966,0.000541422029784376,0.000499792180747057,0.000912374111359372,0.00127500877485203,0.000115726686252276,0.000193073916579743,0.000144606426411643,0.000191787127423678,0.000946475018692093,0.000111718086571712,0.000249407792337955,0.000190284211026625,0.00105881542917344,0.000331227663350799,0.00108844561983817,0.000226766853938983,0.0014688355156767,0.0013999010154709,0.00266578269350437,0.000229378065918112,0.000338247012421853,0.000125265034875602,0.000114654274829906,0.00063651362760665,0.000129603317506047,0.000227809658578755,0.000415959191509394,"LowRisk"
0.000354249244413822,0.000551818075905781,0.00023455031472485,0.00015602140556121,0.000269744260769482,0.000254500795294367,0.000416178308245591,0.000207523766143079,0.000203851710595807,0.00084182204114378,0.000289523041554327,0.00229164449710742,8.91983360690524e-05,0.000206881244978818,0.00018660213578837,0.000170281990769106,0.0010739950870706,0.000695488120205505,0.000337594716380335,0.000653564188122783,0.00173129538214747,0.00057415043041182,0.00165950520876731,0.000125186001985312,0.000381058611783207,0.00186572907241061,0.00390749019809558,0.000195862711972312,0.00021417318233573,0.000196640605339336,0.000312244838024867,0.000691867945926376,0.000244263862652007,0.000871905938284039,0.000511687708959501,"LowRisk"
0.000148587907891362,0.000409871100681625,0.000423490864699407,0.000142485774983571,0.000317322724348334,0.000228415161938327,0.000310843688676834,0.000168943616269982,0.000204282345241928,0.00029805833654117,0.0002937811141278,0.000767624318937602,0.00233756607111808,0.000809042689266756,0.000180790331777682,0.000112047299104247,0.000615401673173903,0.000146002006712921,0.000187981150387475,0.000274221391942496,0.00121191197020795,0.000363137576652999,0.00116710640517905,3.66085518879489e-05,0.00045208141487085,0.000739985041004415,0.00172370219300316,2.64502226946414e-05,0.000160067404953315,8.64056971886646e-05,0.000192464657245204,0.000375903417742051,0.000116623682432567,0.000146085730164942,0.000174642438069921,"LowRisk"
0.000217717816420016,0.000445660330273343,0.00286326107577671,4.57768475429039e-05,0.000274401087260551,0.000196284880223794,0.000396713057134593,0.000155438719615083,0.000258138953200976,0.000841792870679794,0.000380008258651908,0.00220491170873542,0.000148611772153402,0.000150803782292303,0.000225136331480848,0.000312700655352477,0.000501324699434949,0.000148024778207914,0.000383766948337466,0.000484398814604555,0.00123018311946157,0.000188375179136667,0.00100581090211118,0.000157008842168136,0.000682592986006176,0.00177194016991622,0.00347500355186264,0.000330986511696036,0.000166225260944868,0.000129424861999847,0.0002683827871323,0.000275548888145515,0.000188184035452332,0.000235124193031546,0.000322696795498495,"LowRisk"
0.000232294126975745,0.000495127242350428,0.000286055374090866,0.000323272095529116,0.000288574136599661,0.000198702158492448,0.000304376087717139,0.000212278981613309,0.000224222529077068,0.00063147434572361,0.000359529180099706,0.00190555703751133,0.00014507506320758,0.000301750006110317,0.000210390254126721,0.000148780473890117,0.000819471285951211,0.00113607500766146,0.000316651085525192,0.000664468091840067,0.00159882639106986,0.000483550006730549,0.00149502577621754,0.00012960244361872,0.000596269059263837,0.00146870720898065,0.00361543062291018,0.000176595853132999,0.000291643803835395,0.000246375154599986,0.000409911904454518,0.000531269687612867,0.000268617460503581,0.00139992978973435,0.000283234142542761,"LowRisk"
0.00022190337701504,0.000346764282919355,0.000261791146675869,0.000254900493445359,0.000189974382192818,0.00028983889759541,0.000324961612698402,0.000147112298379846,0.000226596623422157,0.000472505509224547,0.000297766993816519,0.00116566993994893,0.000190825450737505,0.00029150776314028,0.000120677987451856,0.000175853489352305,0.000999679666533318,0.000472424023672572,0.000423535157027585,0.000483885490409977,0.0011540939706082,0.000444570590331115,0.00125582491387853,3.99848448335472e-05,0.000523669152834597,0.00117422085308459,0.00258426576992556,0.000149712435260909,0.000233894366827391,0.000110962776110339,0.000159073858826995,0.000626182859880175,0.000294800686764392,0.000508608048689251,0.000623918785414111,"LowRisk"
0.000153306033910085,0.000249928725493477,0.00030980860473037,0.000258056233770784,0.000128971958779189,0.00021033826843761,0.000350807229837265,0.000151685105116152,0.00012398008329123,0.000527002646089154,0.00024697266131795,0.00215626753369051,0.000219780514812792,0.000133510484947882,0.000172118910132586,0.000200332565536524,0.000564580204808974,0.000510126808856157,0.000362994722190213,0.000510045038858954,0.00140725437697363,0.00039095028189543,0.00148047400724548,8.81903798834623e-05,0.000456551174092553,0.00140633129870581,0.00387549561162945,0.000154711250523666,0.000131405342634135,0.000111861998915966,0.000138190009387545,0.000391673494630021,0.000203196666561512,0.000585569952586942,0.000549139409271661,"LowRisk"
0.000208388544321555,0.000187955388173794,0.00263590974241289,0.000389750291251599,0.000903789675902894,0.0002043759509478,0.000241074238211529,0.000953612657209248,0.000853874051644257,0.00042673252985684,0.00110727937933278,0.00147878564438472,0.000112919390266533,0.000256468281344578,0.000113543066802707,0.000244224493325805,0.00142084259619282,0.000186412756784977,0.00078887699614436,0.000301770007547991,0.00207409949408718,0.000270734239740678,0.000966809946744748,0.000196260226091062,0.00165182755272996,0.0012045522050365,0.00265435441811343,0.000114517890818716,0.000185155294634734,0.000178594372732763,0.000111447755899618,0.000933380307064315,0.000103195980364554,0.000339374826495092,0.000670811642250464,"LowRisk"
0.000254690901758195,0.000672270135506565,0.000439611466404357,0.000178743331083154,0.000276425067241344,0.000353912871170821,0.00041096306348971,0.000310808578657262,0.000251847783892902,0.000722654215238277,0.000385892371567563,0.00181960751266597,7.67249172633921e-05,0.000266725818057517,0.000208689491193527,0.00015653572365237,0.00126537095419695,0.000578275686114369,0.000391273842400798,0.000562534714114602,0.00200442591443201,0.000598123209077672,0.00171832015589311,0.000107601418168393,0.000486389759142247,0.00142960043717165,0.00311702610636223,0.000138748393353749,0.000282533891217486,0.000232626847683341,0.000384457553256009,0.000751318206217966,0.000253695034543065,0.000685745738274505,0.000454680848557349,"LowRisk"
0.000255157970971772,0.000516971963606053,0.00036667312223993,0.000424458538403126,0.000205437507877048,0.000282303408751925,0.000322601617894398,0.000216543897701221,0.00017570093500372,0.00119820829647362,0.000344372360405669,0.00303991211333908,0.000102561263889966,0.000159146088792493,0.000166533995978193,0.000251723171449351,0.000586020677014639,0.000309372347873852,0.00042815097238134,0.000488268563124418,0.00156003450119883,0.000374283614592025,0.00135409172483859,8.08077204428647e-05,0.000321783612743845,0.00225657167560269,0.00471580632484517,0.000162950011952378,0.000222931400087376,0.000120726014071499,0.000258208104305877,0.000341465721082243,0.000149798789117464,0.000418170914589611,0.000739316353638455,"LowRisk"
0.000299754248009871,0.000449591597892941,0.000403068856458284,0.000379093957896117,0.000262631752201204,0.00026151074371388,0.000372360895880135,0.000238464917017439,0.000274035266734249,0.000381525608293432,0.000381228397253723,0.00131210647469882,8.23224864276217e-05,0.000112440564943437,0.000132009557395635,0.000238834010760087,0.00126575023743374,0.000636341569178416,0.000352016697328149,0.000658240098871509,0.00194615308188497,0.000527073618923336,0.00185137968077921,0.000177551240612464,0.00046220147621227,0.000998875281268525,0.00265021634461515,0.000153329452696878,0.000219707647664059,0.000209845390447176,0.000297372550622327,0.00085136378308935,0.000136237560446273,0.000854753529396917,0.000495244829010024,"LowRisk"
0.000282588886030684,0.000284055720230885,0.000693897085916136,0.000478082750413151,0.000200620519077369,0.000335969852153008,0.000177067062106602,0.000230345904051068,0.000454230963891299,0.000339371703827681,0.000681551223760303,0.00106173738707956,0.000163311472478246,0.0001515344042178,0.000114890721754362,0.000199676209878833,0.00110290292975893,0.000204830128594313,0.000161400936620837,0.000298244243631111,0.000784623870630081,0.000221922412336996,0.000796513877765014,0.000202156468664293,0.000624729549294326,0.00126051241903694,0.00303994267424118,9.89815246134974e-05,0.000372913239327016,0.000171491168863956,0.000157061144462247,0.00101086895102795,9.87179775478785e-05,0.000452214227250956,0.000248049346268431,"LowRisk"
0.000169643613194776,0.000248573128866575,0.00034119475317737,0.000273789672205832,0.000121280689304992,0.000283512432708347,0.000249383249348485,0.000266350684267926,0.000151585903459056,0.000867471309119873,0.000264801562125758,0.00226959327830142,0.000223141612330132,8.79306004081839e-05,8.61776574126063e-05,0.000133694245630112,0.000730499107207303,0.000420909351045558,0.000275566037794068,0.0004511146456047,0.00149958768129928,0.000366560282602761,0.00130967540023156,0.000128088117422219,0.000345630850677242,0.00202294578134941,0.00399708137567544,0.000200948796437095,0.000220374481010094,0.000179245544252757,0.000251853585005469,0.000561106650523424,0.000385738212078006,0.000470735088146806,0.000303301137284731,"LowRisk"
0.000201992928317346,0.000548895966714347,0.000305888376611752,0.00014446354078782,0.000307332238100543,0.000212848073010737,0.00033171788328635,0.000228420326011783,0.000205503931273486,0.000471107684395894,0.000361862590461177,0.00105330813082462,0.000173719872728699,0.000165857516860212,0.000185926508921233,0.000207845348678617,0.00138254875551786,0.000228326983982991,0.00027151015776894,0.000417576156202466,0.00154787359794823,0.000486398656220224,0.00149879690708453,0.000182222483006483,0.000547179762975182,0.000857017377315982,0.00190612955886713,0.000196674265578708,0.000173156017218739,0.000177326372819154,0.000151180643514586,0.000810149076048101,0.000128750095563855,0.000256330358600895,0.00029100887425416,"LowRisk"
0.000208546481547574,0.000509971863238971,0.000476299543754324,0.000211868133211855,0.000141898269782465,0.000111572336711595,0.000198290240034347,0.00026364705181443,0.000356021625395336,0.000661735882954376,0.000621545937079406,0.001770379616139,9.25852147413957e-05,0.000255161404919129,8.67155797297357e-05,0.000154299354804121,0.00129652807371599,0.000256057337508135,0.000260884212807055,0.000223571473910097,0.000965164116697486,0.000290053485323544,0.000849082432143632,8.54844316757836e-05,0.000679514214167578,0.00202865459618938,0.0043521630810152,4.53306170068879e-06,0.000233334253242539,0.000141163849725554,0.000162458258032819,0.00107696151291124,0.000262362066933425,0.000455825224092827,0.000319114480871503,"LowRisk"
0.000218102281835422,0.000308473742026066,0.000317091374131904,8.59561525596135e-05,0.00015869168675065,0.000274512249464302,0.000348732958662352,0.000264950661537707,0.000243776321413797,0.000767921825246462,0.000359461049586616,0.00175173923641363,0.000154118733595022,0.000213714905266406,0.000136468113259763,0.000147094784669199,0.00113479481734557,0.00058528068974623,0.000381266430945794,0.000522154223246884,0.00163318478206038,0.00047349604856475,0.00146843901559872,0.000178799780459171,0.000391298337624439,0.00155819756667927,0.00297410203088908,0.000236713181865308,0.00019514580880035,0.00015753425505615,0.000299869862675493,0.000632527564526058,0.000210146548469511,0.00067439234721571,0.000489585319827843,"LowRisk"
0.00029657817415096,0.00053701516727321,0.000538697204161327,0.00121912799113974,0.000283791456587485,0.000193396075329077,0.000311026760803225,0.000150888981337043,0.000197141583795235,0.000896883469128976,0.000354165392404282,0.00238972326560614,8.35592493704325e-05,0.000191711608382952,0.000222354173256372,0.000170236695275242,0.00106305100016368,0.000435956460096363,0.000297374836899449,0.000492863776284606,0.00129695190887875,0.000345088522846016,0.00106707044686653,0.000263824017902585,0.000546793778811332,0.00186560300608143,0.00396190057256905,0.000128071312917707,0.000172310741156227,0.000148263848943932,0.000202496436513069,0.000733788986163438,0.000161222207784288,0.000522142465160199,0.000441351345128966,"LowRisk"
0.00025900132885864,0.000264902937907009,0.00103212359140314,0.0014394560319018,0.000428980826557991,0.000239733376383705,0.000279206568327636,0.000159937580003903,0.000280332093623765,0.000689167478570895,0.000434602783598132,0.00166712623523698,0.000278493691798881,0.000262978307544731,8.95089993825739e-05,0.000209889829705448,0.00119048613118697,0.000189303090817725,0.000248338286452042,0.000654147900424687,0.00131795342450864,0.000390059784027399,0.00117173408850668,0.000105220203839587,0.00060183387953503,0.00150928695615173,0.00303666945615632,8.44327459369824e-05,0.000129321897378106,0.000104036362036186,0.000560846177385435,0.000775641797833765,0.000173419732960564,0.000259890417063754,0.000278143638594201,"LowRisk"
0.000152876816387465,0.000319036365222308,0.00040370832727668,8.89868864973058e-05,0.000244324978562819,0.000229903226936193,0.00029640813760643,0.000278947060688697,0.000225659991383004,0.00041093847493408,0.000366762315230206,0.0013561717786356,0.000185604497352137,0.000191391300019467,0.000160709955695614,0.000195286863033464,0.000869712948924209,0.000408631060389447,0.000264551345389876,0.000346612290889599,0.00116617331371152,0.000359369381005471,0.00103741640860557,0.000140376549819603,0.000649983608836502,0.00111696081765785,0.00263717324162673,0.000243406931626339,0.000324597119416834,0.000147232618788494,0.000111220093929351,0.00053164746757503,0.000316075164355509,0.00056452137512213,0.000479561655383125,"LowRisk"
0.000175327021983107,0.000355281165677661,0.000648592959575033,0.000130981954099268,0.000220063420781612,0.000156546841776626,0.000196167413712954,0.000262556621947246,0.000191213731664709,0.000510779466078942,0.000316379506800537,0.00208844169788788,0.000149685364550016,0.000191715505896398,0.000158563659795865,0.000144954370811046,0.000679868983624453,0.000534024772354331,0.000235918073072075,0.0003230635724508,0.000906846771758715,0.000294612886838429,0.0008302216602943,0.000209082838393035,0.000528489922193575,0.0016766314575137,0.00464295479516952,0.000168047093987341,0.000248794969313987,0.000127521933228005,0.000120374131986715,0.00064362039599062,0.000112629164124133,0.000819602956279596,0.000303948859352431,"LowRisk"
